id,name,nickname_01,nickname_02,nickname_03,nickname_04,nickname_05,nickname_06,nickname_07,nickname_08,nickname_09,nickname_10,nickname_11,nickname_12,nickname_13
1,幻水1主人公（坊ちゃん）,1主人公,主人公,坊ちゃん,ティル,リューイ,マクドール,坊っちゃん,坊,Tir,ぼっちゃん
2,幻水2主人公（2主）,2主人公,主人公,2主,リオウ,II主,タオ,にしゅ,つーしゅ,にぬし,Riou,２主たん,Ⅱ主
3,幻水4主人公（4様）,4主人公,主人公,4様,IV主,4主人公,IV主人公,ラズロ,よん様,Lazro,よんさま,Ⅳ主
4,幻水5主人公（王子）,5主人公,主人公,王子,V主,5主,V主人公,5主人公,ファルーシュ,フレイアドゥール,フレイ,アーディル,	Freyjadour,Ⅴ主
5,ティアクライス主人公（団長）,TK主人公,主人公,団長,シグ,TK主人公,ティアクライス主人公,ティアクラ主人公,TK主,Sieg
6,アーサー,アーサー,Arthur
7,アーニー,アーニー,Ernie
8,アーニャ,アーニャ
9,アーロン・バルカイ,アーロン・バルカイ,"",アーロン,バルカイ,アーロンバルカイ
10,アイク,アイク,Ike,Eike
11,アイシャ,アイシャ
12,アイラ,アイラ,Ira,Aila
13,アイリ,アイリ,Aili,Eilie
14,アイリーン,アイリーン,Irene,Eileen
15,アイン・ジード,アイン・ジード,Ain,アイン,ジード,アインジード,Ain Gide
16,アカギ,アカギ,Akaghi,Akaghi
17,アガレス・ブライト,アガレス・ブライト,Agares,アガレス,ブライト,アガレスブライト,Agares Blight
18,アクセル,アクセル,Axel
19,アグネス,アグネス,Agnes
20,アスアド,アスアド
21,アストリッド,アストリッド
22,アズラッド,アズラッド,Azrat,Alhazred
23,アダリー,アダリー,Adderley
24,アックス,アックス,Axe,Ax
25,アップル,アップル,Apple
26,アトリ,アトリ,Atri
27,アドリアンヌ,アドリアンヌ,Adrienne
28,アナベル,アナベル,Annabel,Anabelle
29,アニタ,アニタ,Anita
30,アビズボア,アビズボア,Abizboa,Abizboah
31,アマダ,アマダ,Amada
32,アマラリク,アマラリク
33,アメリア,アメリア,Amelia,Ameria
34,アモリー,アモリー,Amory
35,アヤナ,アヤナ,Ayana
36,アヤメ,アヤメ,Ayame
37,アラニス,アラニス,Alanis
38,アリスン・バロウズ,アリスン・バロウズ,"",アリスン,バロウズ,アリスンバロウズ
39,アルシュタート・ファレナス,アルシュタート・ファレナス,Arstaat,アルシュタート,ファレナス,アルシュタートファレナス,Arshtaat Falenas,Arshtaat,陛下
40,アルド,アルド,Aldo
41,アルバート,アルバート,Albert,Alberto
42,アルベルト・シルバーバーグ,アルベルト,Alberto,アルベルト,シルバーバーグ,アルベルトシルバーバーグ
43,アレク・ワイズメル,アレク・ワイズメル,Alec,アレク,ワイズメル,アレクワイズメル
44,アレックス,アレックス,Alex
45,アレニア,アレニア,Alenia
46,アレン,アレン,Allen,Alen
47,アンジー,アンジー,Angie,Anji
48,アンダルク・ベルグマン,アンダルク・ベルグマン,アンダルク,アンダルク,ベルグマン,アンダルクベルグマン
49,アントニオ,アントニオ,Antonio
50,アンヌ,アンヌ,Anne
51,アンネリー,アンネリー,Annallee
52,イーゴリ,イーゴリ
53,イーリン,イーリン
54,イク,イク,Iku
55,イクス,イクス
56,イザク,イザク,Isaac,Izak
57,イサト,イサト,Isato
58,イザベル,イザベル,Isabel
59,イスカス,イスカス
60,イリア・バルカイ,イリア,"",イリア,バルカイ,イリアバルカイ
61,イワノフ,イワノフ,Ivanov
62,インゴルフ,インゴルフ,Ingolf
63,インドリク,インドリク,Indrik
64,ヴァズロフ,ヴァズロフ,Vazlov
65,ヴァンサン・ド・ブール,ヴァンサン,Vincent,ヴァンサン,ド,ブール,ヴァンサンドブール,Vincent de Boule
66,ヴィルヘルム,ヴイルヘルム,wilhelm
67,ヴィンセント・フィンガーフート,ヴィンセント・フィンガーフート,"",ヴィンセント,フィンガーフート,ヴィンセントフィンガーフート
68,ウィンディ,ウィンディ,Windy
69,ウインドウ,ウインドウ,Windu,Window
70,ウェンデル,ウェンデル,Wendell,Wendel
71,ウォーグ,ウォーグ,Waugh
72,ウォーレン,ウォーレン,Warren
73,ウォーロック,ウォーロック,Warlock
74,ヴォリガ,ヴォリガ,Voliga,Volga
75,ウォルター,ウォルター
76,ウゲツ,ウゲツ,Ugetsu
77,ウッツェ,ウッツェ
78,ウフレッド,ウフレッド
79,ウラガン,ウラガン
80,ウルダ,ウルダ,Ulda,Urda
81,エイケイ,エイケイ,Ekei
82,エイダ,エイダ,Ayda
83,エウスミール,エウスミール
84,エース,エース,Ace
85,エグバート・エセルバルド,エグバート,Egbert,エグバート,エセルバルド,エグバートエセルバルド,Egberd Aethelbald,Egberd,Aethelbald
86,エステラ,エステラ,Estella
87,エスメラルダ,エスメラルダ,Esmeralda
88,エチエンヌ,エチエンヌ,Etienne
89,エッジ,エッジ,Edge
90,エドガー,エドガー,Edgar
91,エヌムクラウ,エヌムクラウ,Enumklau
92,エフィル,エフィル,Efil
93,エマ,エマ,Emma
94,エミリア,エミリア,Emilia
95,エミリー,エミリー,Emily
96,エリ,エリ,Eli,Ellie
97,エリオット,エリオット,Elliott,Eliot
98,エリン,エリン,Erin
99,エルザ,エルザ,Elsa,Elza
100,エルフの長老,エルフの長老,Elf Elder,Chief of Elves
101,エルミオーネ,エルミオーネ
102,エルンスト,エルンスト,Ernst
103,エレーン,エレーン,Elaine
104,エレシュ,エレシュ,Eresh
105,エレノア・シルバーバーグ,エレノア,Elenor,エレノア,シルバーバーグ,エレノアシルバーバーグ,Elenor･Silverberg,Elenor Silverberg,Silverberg
106,エンヘバト,エンヘバト
107,オゥヤー,オゥヤー
108,オウラン,オウラン,Ouran
109,オーギュスタン・ナボール,オーギュスタン,Augustin,オーギュスタン,ナボール,オーギュスタンナボール,Augustine
110,オータ,オータ
111,オスカル,オスカル,Oscar
112,オデッサ・シルバーバーグ,オデッサ・シルバーバーグ,Odessa,オデッサ,シルバーバーグ,オデッサシルバーバーグ,Odessa・Silverberg,Odessa Silverberg,Silverberg
113,オド,オド
114,オニール,オニール,Oneill,Onil
115,オベル王妃,オベル王妃,Queen Obel
116,オボロ,オボロ,Oboro
117,オルドヴィーク,オルドヴィーク
118,オルナン,オルナン,Ornan
119,オルネラ,オルネラ
120,オルマール,オルマール
121,オレーグ,オレーグ,Oreg
122,オロク,オロク,Orok
123,カール,カール,curl,Karl,Carl
124,カーン・マリィ,カーン,Caen,カーン,マリィ,カーンマリィ
125,カイ,カイ,Kai
126,カイル,カイル,Kyle
127,ガウ,ガウ,Gow,Gau
128,ガヴァヤ,ガヴァヤ,Kavaya
129,カウリヤ,カウリヤ
130,カゲ,カゲ,Kage
131,カシオス,カシオス,Cassios,Kasios
132,カシム・ハジル,カシム・ハジル,Qasim,カシム,ハジル,カシムハジル,Kasim Hazil,Kasim,Hazil
133,ガシュガル,ガシュガル,Gashgar
134,ガスパー,ガスパー,Gaspar
135,カスミ,カスミ,Kasumi
136,カタリナ,カタリナ,Catalina,Katalina
137,ガドベルク,ガドベルク
138,カドモス,カドモス
139,カナック,カナック,Kanak
140,カナン,カナン,Canaan,Kanaan
141,ガボチャ,ガボチャ,Gabocha
142,カマンドール,カマンドール,Camandor,Kamandol
143,カミーユ,カミーユ,Camille
144,カミュー,カミュー,Camus
145,からくり丸,からくり丸,Karakurimaru,Gadget
146,からくり丸Z,からくり丸Z,KarakurimaruZ,Gadget Z
147,ガレオン,ガレオン,Galleon
148,ガレス,ガレス,Gareth
149,カレン,カレン,Karen
150,ガンデ,ガンデ,Gande
151,ガンテツ,ガンテツ,Gantec,Gantetsu
152,キアロ,キアロ
153,キーン,キーン,Keen
154,キカ,キカ,Kika,キカ様
155,キサラ,キサラ,Kisara
156,ギジェリガー,ギジェリガー,Gizellega
157,ギジム,ギジム,Gizim,Gijimu
158,ギゼル・ゴドウィン,ギゼル・ゴドウィン,Gizel,ギゼル,ゴドウィン,ギゼルゴドウィン,Gizel Godwin,Godwin
159,キッド,キッド,kid,Kidd
160,キニスン,キニスン,Kinnison
161,キバ・ウィンダミア,キバ,Kiva,キバ,ウィンダミア,キバウィンダミア
162,キミヤ,キミヤ,Kimia
163,キャザリー,キャザリー,Cazaly,Catheri
164,キャシー,キャシー,Cathy,Kathy
165,キャリー,キャリー,Carry
166,ギュンター,ギュンター,Gunther
167,ギョーム,ギョーム,Guillaume
168,キラルド,キラルド
169,ギリアム,ギリアム
170,キリィ,キリィ,Kiriy,Killey
171,キリル,キリル,Kyril
172,キルキス・シャナ・クエス・ラビアンカーナ,キルキス,Kilkis,キルキス,シャナ,クエス,ラビアンカーナ,キルキスシャナクエスラビアンカーナ,"",Kirkis
173,キルケ,キルケ,Kirke
174,キルデリク,キルデリク,Kilderik,Childerich
175,ギルバート,ギルバート,Gilbert
176,キンバリー,キンバリー,Kimberly,Kimberley
177,クイーン,クイーン,Queen,クィーン
178,クイネリア・リウリス,クイネリア・リウリス,"",クイネリア,リウリス,クイネリアリウリス
179,クインシー,クインシー,Quincy
180,クーガ,クーガ,Couga
181,クーカブラ,クーカブラ,Cookabra
182,クープ,クープ,Koop
183,グスタフ・ペンドラゴン,グスタフ・ペンドラゴン,Gustaf,グスタフ,ペンドラゴン,グスタフペンドラゴン,Gustav Pendragon,Gustav,Pendragon
184,クライブ,クライブ,Clive
185,クラウス・ウィンダミア,クラウス,Claus,クラウス,ウィンダミア,クラウスウィンダミア
186,クラド,クラド,Krado
187,クラント,クラント,Kranto
188,グランマイヤー,グランマイヤー,Granmeyer
189,クリス・ライトフェロー,クリス,chris,クリス,ライトフェロー,クリスライトフェロー,"",Chris Lightfellow
190,グリフィス,グリフィス,Griffith
191,クリン,クリン,Krin
192,クルガン,クルガン,kurgan,Culgan
193,グレアム・クレイ,グレアム・クレイ,Graham,グレアム,クレイ,グレアムクレイ,Clay,Graham・Clay,Graham Clay,Graham Cray,Cray
194,クレイア,クレイア,Claya
195,クレイオン,クレイオン,Clayon
196,クレイグ・ラーデン,クレイグ・ラーデン,Craig,クレイグ,ラーデン,クレイグラーデン,Craig Laden,クレイグ団長
197,クレイズ・マイルス,クレイズ・マイルス,Krays,クレイズ,マイルス,クレイズマイルス,Kraze,Kraze Miles,Miles
198,グレイディ,グレイディ,Grady
199,クレオ,クレオ,Cleo
200,グレッチェン,グレッチェン,Gretchen
201,グレミオ,グレミオ,Gremio
202,グレン・コット,グレン・コット,Glenn,グレン,コット,グレンコット
203,グレンシール,グレンシール,Glenshire,Grenseal
204,クロイツ,クロイツ,Kroits,Kreatz,Kreuz
205,クロウリー,クロウリー,Crowley
206,クロデキルド,クロデキルド,Clodekilde
207,クロミミ,クロミミ,Clomimi,Kuromimi
208,クロン,クロン,Cron,Qlon
209,グワイニー,グワイニー
210,クワンダ・ロスマン,クワンダ・ロスマン,Quanda,クワンダ,ロスマン,クワンダロスマン,Kwanda Rosman,Kwanda,Rosman
211,クン・トー,クン・トー,Kun・Toe,クン,トー,クントー,Kun,Toe,Kun Toe,Kun To,To
212,グントラム,グントラム,Guntram
213,ケイト,ケイト,kate
214,ゲイリー,ゲイリー,gary
215,ケヴィン,ケヴィン,Kevin
216,ゲオルグ・プライム,ゲオルグ・プライム,Georg,ゲオルグ,プライム,ゲオルグプライム,Georg Prime,Prime
217,ゲシュッツ,ゲシュッツ
218,ケスラー,ケスラー,Kessler
219,ゲッシュ,ゲッシュ,Goesch
220,ケティル,ケティル
221,ゲド,ゲド,Ged,ゲド隊長,Geddoe,隊長
222,ケネス,ケネス,Keneth
223,ケフレン,ケフレン
224,ケルシウス,ケルシウス
225,ゲレル,ゲレル
226,ゲン,ゲン,Gen
227,ゲンオウ,ゲンオウ,Genoh
228,ゲンカク,ゲンカク,Genkaku
229,ゲンゲン,ゲンゲン,Gengen
230,ケンジ,ケンジ,Kenji
231,ゲンシュウ,ゲンシュウ,Genshu
232,コウ,コウ
233,コウ・ロー,コウ・ロー,"",コウ,ロー,コウロー
234,コウユウ,コウユウ,Kouyu
235,ゴー,ゴー,Go,Gau
236,ゴーセ,ゴーセ,Gauce
237,ゴードン（幻水2）,ゴードン,Gordon（SUIKODEN2）
238,ゴードン（幻水3）,ゴードン,Gordon（SUIKODEN3）
239,コーネル,コーネル,Cornell,Connell
240,コノン,コノン,Conon
241,コルセリア,コルセリア
242,ゴルドー,ゴルドー,Gorudo
243,コルトン,コルトン
244,ゴルヌイ,ゴルヌイ
245,コルネリオ,コルネリオ,Cornelio
246,ゴロウ,ゴロウ,Goro
247,コロク,コロク,Koroku
248,ゴン,ゴン
249,ゴンボスレン,ゴンボスレン
250,コンラッド,コンラッド,Konrad,Conrad
251,サーヴィラ,サーヴィラ
252,サイアリーズ・ファレナス,サイアリーズ・ファレナス,サイアリーズ,サイアリーズ,ファレナス,サイアリーズファレナス,Sialeeds Falenas,Sialeeds,サイア,サイアリーズ様,サイア様
253,サイロウ,サイロウ,Sairoh
254,ザイン,ザイン
255,サウ・ジン,サウ,"",サウ,ジン,サウジン
256,ザヴィド,ザヴィド
257,サギリ,サギリ,Sagiri
258,ササライ,ササライ,Sasarai,ササライさま
259,ザジ・キュイロス,ザジ・キュイロス,ザジ,ザジ,キュイロス,サナトス,クロフォード,ザジキュイロス,サナトスクロフォード
260,サスケ,サスケ,Sasuke
261,サティヤカ,サティヤカ
262,サナ,サナ,Sana
263,サナエ・Y,サナエ・Ｙ,Sanae.Y,サナエ,ヤマモト,Y,サナエY,サナエヤマモト,Sanae,Sanae Yamamoto,Yamamoto,Sanae Y
264,ザハーク,ザハーク,Zahhak
265,ザフラー,ザフラー
266,ザムザ,ザムザ
267,サムス,サムス,Samus
268,サリーシャ・ラウルベル,サリーシャ・ラウルベル,"",サリーシャ,ラウルベル,サリーシャラウルベル
269,サルム・バロウズ,サルム・バロウズ,Salum Barows,サルム,バロウズ,サルムバロウズ,Salum Barrows,Salum,Barows,Barrows,Salum Burrows,Salum Burroughs,Burroughs,Burrows
270,サロメ・ハラス,サロメ,サロメ,サロメ,ハラス,サロメハラス,Salome
271,サンスケ,サンスケ,Sansuke
272,サンチェス,サンチェス,Sanchez
273,サンチョ,サンチョ,Sancho
274,ジーヴィッカ,ジーヴィッカ
275,ジークフリード,ジークフリード,Siegfried
276,シーザー・シルバーバーグ,シーザー,Caesar,シーザー,シルバーバーグ,シーザーシルバーバーグ,Caesar Silverberg
277,シード,シード
278,シーナ,シーナ,Sheena
279,ジーノ,ジーノ
280,ジーン,ジーン,Jeane
281,シウ・ジン,シウ,"",シウ,ジン,シウジン
282,シウス,シウス,Cius
283,ジェイル,ジェイル
284,ジェス,ジェス
285,ジェファーソン,ジェファーソン,Jefferson
286,シエラ・ミケーネ,シエラ,シエラ,シエラ,ミケーネ,シエラミケーネ
287,ジェレミー,ジェレミー,Jeremy
288,シグニイ・アルブレク,シグニイ・アルブレク,"",シグニイ,アルブレク,シグニイアルブレク
289,シグルド,シグルド,Sigurd
290,シグレ,シグレ,Shigure
291,シズ,シズ,Shizu
292,シスカ,シスカ
293,ジダン・ギュイス,ジダン・ギュイス,Jidan Guisu,ジダン,ジダンギュイス,Jidan,Guisu
294,シド,シド
295,シドニア,シドニア,Sydonia
296,シバ,シバ,Shiba
297,シメオン,シメオン
298,シモーヌ・ベルドリッチ,シモーヌ・ベルドリッチ,"",シモーヌ,ベルドリッチ,シモーヌベルドリッチ
299,シャイラ,シャイラ
300,ジャグワン,ジャグワン
301,ジャック,ジャック,Jacques
302,シャドリ,シャドリ,Chadli
303,ジャバ,ジャバ,Jabba
304,シャバック,シャバック
305,シャボン,シャボン,Shabon
306,シャムス,シャムス
307,シャルフ,シャルフ
308,シャルミシタ,シャルミシタ,Sharmista
309,シャルルマーニュ,シャルルマーニュ,Charlemagne
310,シャロン,シャロン,Sharon
311,ジャンゴ,ジャンゴ,Jango
312,シュウ,シュウ
313,ジュエル,ジュエル,Jewel
314,ジュッポ,ジュッポ,Juppo
315,ジュド,ジュド
316,シュトルテハイム・ラインバッハ2世,シュトルテハイム・ラインバッハ2世,"",シュトルテハイム,ラインバッハ,ラインバッハ2世
317,シュラ・ヴァルヤ,シュラ,Shula Valya,シュラ,ヴァルヤ,シュラヴァルヤ
318,シュン,シュン,Shoon,Shun
319,シュンミン,シュンミン,Shun Min
320,ジョアン,ジョアン,Juan
321,ジョウイ・アトレイド（ブライト）,ジョウイ・アトレイド,ジョウイ,ジョウイ,アトレイド,ブライト,ジョウイアトレイド,ジョウイブライト
322,ジョーカー（ワン）,ジョーカー,ジョーカー,ジョーカー,ワン,Joker,Wan
323,ジョー軍曹,ジョー軍曹,ジョルディ,Sergent Joe,Joe,軍曹,Sergent
324,ジョセフィーヌ（ユマ・ヴァルヤ）,ジョセフィーヌ,Josephine,ジョセフィーヌ,ユマ,ユマヴァルヤ
325,ジョナ,ジョナ
326,ジョバンニ,ジョバンニ,Giovanni
327,ジョルジュ,ジョルジュ,Georges
328,シラミネ,シラミネ,Shiramine
329,ジル・ブライト,ジル・ブライト,ジル,ジル,ブライト,ジルブライト
330,シルヴァ,シルヴァ,Silva
331,シルディス,シルディス
332,シルビナ,シルビナ,Sylvina
333,シロ,シロ
334,シロウ,シロウ
335,シン,シン
336,ワイアット・ライトフェロー（ジンバ）,ジンバ,Jimba,ワイアット,ライトフェロー,ワイアットライトフェロー,"",ジンバ,Wyatt,Wyatt Lightfellow
337,シンロウ,シンロウ,Shinro
338,スウ・ジン,スウ,"",スウ,ジン,スウジン
339,スヴェン,スヴェン
340,スカルド・イーガン,スカルド・イーガン,Skald Egan,スカルド,イーガン,スカルドイーガン,Skald,Egan
341,スコット,スコット,Scott
342,スタリオン,スタリオン,Stallion
343,スティール,スティール
344,ステラ,ステラ
345,スニル,スニル
346,スノウ・フィンガーフート,スノウ,スノウ,スノウ,フィンガーフート,スノウフィンガーフート,Snowe,Snow,Fingerhut,Snowe Fingerhut,Snow Fingerhut,Vingerhut,Snowe Vingerhut,Snow Vingerhut
347,スバル,スバル,Subal,Subaru
348,スフィール,スフィール
349,ズンダ,ズンダ,Zunda
350,セイラ,セイラ,Serah
351,セウ・ジン,セウ,"",セウ,ジン,セウジン
352,ゼガイ,ゼガイ,Zegai
353,セシル,セシル,Cecile
354,セツ,セツ,Setsu
355,セドリック,セドリック,Cedric
356,セネカ,セネカ
357,ゼノア,ゼノア
358,セバスチャン,セバスチャン,Sebastian
359,ゼフォン,ゼフォン
360,ゼポン,ゼポン
361,セミアス,セミアス
362,セラ,セラ,Sarah
363,ゼラセ,ゼラセ,Zerase
364,セルゲイ,セルゲイ,Sergei
365,セルマ,セルマ,Selma
366,セレン,セレン
367,ゼン,ゼン,Zen
368,ソウ・ジン,ソウ,"",ソウ,ジン,ソウジン
369,ゾシオム,ゾシオム
370,ソタ,ソタ
371,ソニア・シューレン,ソニア・シューレン,Sonya Shulen,ソニア,シューレン,ソニアシューレン
372,ソフィア,ソフィア
373,ソラブ,ソラブ
374,ソリス・ラウルベル,ソリス・ラウルベル,Solis Raulbel,ソリス,ラウルベル,ソリスラウルベル,Solis,Raulbel
375,ソレンセン,ソレンセン,Sorensen
376,ソロウ,ソロウ
377,ソロン・ジー,ソロン・ジー,"",ソロン,ジー,ソロンジー
378,タージ,タージ
379,ターニャ,ターニャ,Tanya
380,タイ・ホー,タイ・ホー,Tai Ho,タイ,ホー,タイホー,Tai
381,ダイアルフ,ダイアルフ
382,タイスケ,タイスケ,Taisuke
383,ダイン,ダイン,Dinn,Dine
384,タガート,タガート,Taggart
385,タカム,タカム,Takamu
386,タキ,タキ
387,ダズグマ,ダズグマ
388,ダナシュ8世,ダナシュ8世,"",ダナシュ
389,ダムディン,ダムディン
390,タラシオ・ルシオ,タラシオ,"",タラシオ,ルシオ,タラシオルシオ
391,ダリオ,ダリオ,Dario
392,タル,タル,Tal
393,タルゲイユ,タルゲイユ,Talgeyl
394,ダレル,ダレル,Darell
395,チープー,チープー,Chiepoo
396,チェイン,チェイン
397,チクラ,チクラ
398,チサト,チサト,Chisato
399,チハヤ,チハヤ
400,チャコ,チャコ,Chaco
401,チャック,チャック,Chuck,Chack
402,チャップマン,チャップマン,Chapman
403,チャムジン,チャムジン
404,チャンドラー,チャンドラー,Chandler
405,チャンポ,チャンポ,Champo
406,ツァイ,ツァイ
407,ツァウベルン,ツァウベルン
408,ツヴァイク,ツヴァイク,Zweig
409,ツェレンドラム,ツェレンドラム
410,ツオムジン,ツオムジン
411,ツフルル,ツフルル
412,ディアドラ,ディアドラ
413,ディーリーリ,ディーリーリ
414,ディオス,ディオス,Dios
415,ティグール,ティグール
416,テイラー,テイラー,Taylor
417,ディルク,ディルク
418,ディルバ・ノウム,ディルバ・ノウム,Dilber Novum,ディルバ,ノウム,ディルバノウム,Dilber,Novum
419,ディロム・ランツェス,ディロム・ランツェス,"",ディロム,ランツェス,ディロムランツェス
420,テオ・マクドール,テオ・マクドール,Teo McDohl,テオ,マクドール,テオ様,Teo,McDohl
421,デスモンド,デスモンド,Desmond
422,テスラ,テスラ,Tesla
423,テツ,テツ
424,テッサイ,テッサイ
425,テッド,テッド,Ted,Robed man,ローブの男
426,デボラ,デボラ,Deborah
427,デューカス,デューカス
428,デューク,デューク,Duke
429,デュパ,デュパ,Dupa
430,テレーズ・ワイズメル,テレーズ,"",テレーズ,ワイズメル,テレーズワイズメル
431,テンガアール,テンガアール,Tengaar,テンガ
432,テンコウ,テンコウ
433,テンプルトン,テンプルトン,Templeton
434,トウタ,トウタ,Tuta
435,トープ,トープ,Tov
436,トーマ,トーマ,Toma,Thoma,Thomas
437,トーマス,トーマス,Thomas
438,ドガ,ドガ
439,トッポ,トッポ,Toppo
440,ドナ・ウィルド,ドナ・ウィルド,ドナ,ウィルド
441,トニー,トニー
442,ドミティア,ドミティア
443,ドミニク,ドミニク,Dominic
444,トモ,トモ
445,トラヴィス,トラヴィス,Travis
446,トリスタン,トリスタン,Trishtan,Tristan
447,トリマルキオ,トリマルキオ
448,ドルフ,ドルフ,Dolph
449,トルワド・アルブレク,トルワド,トルワド,アルブレク
450,ドレミの精,ドレミの精,Doremi Elf,Doremi Elves
451,トロイ,トロイ,Troy
452,ドロモン,ドロモン
453,トワイキン,トワイキン,Twaikin
454,トンガチヒ,トンガチヒ
455,ドンゴ,ドンゴ
456,ナ・ナル島長,ナ・ナル島長
457,ナオ,ナオ,Nao
458,ナキル,ナキル
459,ナクラ,ナクラ,Nakula
460,ナジン,ナジン
461,ナズ,ナズ
462,ナタリー,ナタリー,Nataly
463,ナッシュ・ラトキエ（クロービス）,ナッシュ,ナッシュ,ナッシュ・ラトキエ,ナッシュ・クロービス,Nash
464,ナディール,ナディール,Nadir
465,ナナミ,ナナミ
466,ナボコフ,ナボコフ,Nabokov
467,ナムナ,ナムナ
468,ナリシュヤ,ナリシュヤ
469,ナルクル,ナルクル,Nalkul
470,ナレオ,ナレオ,Nalleo
471,ニクティス,ニクティス
472,ニクンバ,ニクンバ
473,ニケア,ニケア,Nikea
474,ニコ,ニコ,Nico
475,ニコル,ニコル,Nicolas,Nicholas
476,ニック,ニック,Nick
477,ニド,ニド
478,ニナ,ニナ
479,ニフサーラ,ニフサーラ,Nifsara
480,ニマ,ニマ
481,ニムニ,ニムニ
482,ヌーマ,ヌーマ
483,ヌザート,ヌザート
484,ヌミストロ,ヌミストロ
485,ヌムヌ,ヌムヌ
486,ネイ,ネイ,Nei
487,ネイサ,ネイサ
488,ネイラ,ネイラ
489,ネオス,ネオス
490,ネクロード,ネクロード,Neclord
491,ネムネ,ネムネ
492,ネリス,ネリス,Nelis
493,ネルヴァン,ネルヴァン
494,ノア,ノア,Noah
495,ノーヴァ,ノーヴァ
496,ノーマ,ノーマ,Norma,Noma
497,ノデリ,ノデリ
498,ノフレト,ノフレト
499,ノムノ,ノムノ
500,ノルデン,ノルデン,Norden
501,ノルバノス・ノビリオス,ノルバノス,ノルバノス,ノビリオス
502,ハーヴェイ,ハーヴェイ,Harvey
503,パーシヴァル・フロイライン,パーシヴァル,パーシヴァル,フロイライン,Percival,Freulein,Percival Freulein,パーシィちゃん,パーシーちゃん,Freulein,パーシバル
504,バーソロミュー,バーソロミュー,Bartholomew
505,バーツ,バーツ,Barts
506,バーバラ,バーバラ,Barbara
507,パーン,パーン,Pahn
508,ハーン・カニンガム,ハーン・カニンガム,ハーン,カニンガム
509,ハイ・ヨー,ハイ・ヨー,ハイ,ヨー,ハイヨー
510,ハインズ,ハインズ
511,ハウ・シー,ハウ・シー,ハウ,シー
512,ハウザー,ハウザー
513,ハガル・ビャルキ,ハガル・ビャルキ,ハガル,ビャルキ
514,はぐれ竜,はぐれ竜
515,バザルト・ルガム,バザルト・ルガム,バザルト,ルガム
516,バシュタン,バシュタン,Bastam
517,バジル,バジル,Basil
518,バスク,バスク
519,バズバ,バズバ,Bazba
520,ハスワール・ファレナス,ハスワール,ハスワール,ファレナス,Haswar,Haswar Falenas
521,バダムハタン,バダムハタン
522,ハヅキ,ハヅキ,Hazuki
523,バッツ,バッツ
524,バド,バド,Badeaux
525,ハフィン,ハフィン
526,バフラム・ルーガー,バフラム・ルーガー,バフラム,ルーガー,Bahram Luger,Bahram,Luger
527,パブロ,パブロ,Pablo
528,バベッジ,バベッジ,Babbage
529,パム,パム,Pam
530,バルカス,バルカス,Varkas
531,バルザム,バルザム
532,バルジ,バルジ
533,ハルト,ハルト,Haruto
534,バルバロッサ・ルーグナー,バルバロッサ・ルーグナー,バルバロッサ,ルーグナー,Barbarossa Rugner
535,ハレス,ハレス,Hareth
536,ハレック,ハレック,Hallec
537,バレリア,バレリア,Valeria
538,バン,バン,Bang
539,ハンス,ハンス
540,ハンゾウ,ハンゾウ,Hanzo
541,ハンナ,ハンナ
542,ハンフリー・ミンツ,ハンフリー,ハンフリー,ミンツ,Hamphrey,Hamphrey Minz
543,ビアズレイ,ビアズレイ
544,ビーアーガ,ビーアーガ
545,ヒクサク,ヒクサク
546,ビクトール,ビクトール,Viktor,熊さん,熊
547,ピコ,ピコ
548,ビッキー,ビッキー,Viki
549,ビッキー（小）,ビッキー（小）,Viki
550,ヒックス,ヒックス,Hix
551,ピッコロ,ピッコロ,Piccolo
552,ビッチャム,ビッチャム,Beecham
553,ヒナ・アウマクア,ヒナ,ヒナ,アウマクア
554,ビャクレン,ビャクレン,Byakuren
555,ヒューゴ,ヒューゴ,Hugo
556,ビュクセ,ビュクセ
557,ビョルン,ビョルン
558,ビリー,ビリー,Billy
559,ピリカ,ピリカ
560,ヒルダ,ヒルダ
561,ファーガス,ファーガス
562,ファルタ,ファルタ
563,フィッチャー,フィッチャー,Fitcher
564,フィル,フィル,Phil
565,フー・スー・ルー,フー・スー・ルー,フースールー,Fu Su Lu
566,ブートゥルーガ,ブートゥルーガ
567,フーバー,フーバー,Fubar,Hoover
568,フウマ,フウマ,Fuma
569,フェイレン,フェイレン,Faylen
570,フェイロン,フェイロン,Faylon
571,フェザー,フェザー,Feather
572,フェリド,フェリド,Ferid,フェリド様
573,フェレッカ,フェレッカ
574,フォルネ,フォルネ
575,フッケン,フッケン,Fukien
576,フッチ,フッチ,Futch
577,フヨウ,フヨウ,Fuyo
578,ブライト,ブライト,Bright
579,ブラックマン,ブラックマン,Blackman
580,フランツ,フランツ,Franz
581,ブランド,ブランド,Brandeau,Brand
582,フリード・Ｙ,フリード・Ｙ,フリード,フリード・ヤマモト,フリードY,フリードY,Freed Yamamoto,Freed Y,Freed Y.
583,フリック,フリック,Flik,青雷,青,風船
584,幻水5主人公（王子）,フリディカ,王子,Prince
585,フレア,フレア,Flare,Flair
586,フレイル,フレイル,Flail
587,ブレック,ブレック
588,フレッド・マクシミリアン,フレッド,フレッド,マクシミリアン,Fred,Maximilian,Fred Maximilian
589,フレデグンド,フレデグンド
590,フレデリカ,フレデリカ,Frederica
591,フワラフワル,フワラフワル,Fuwalafuwalu
592,フンギ,フンギ
593,ヘイドレク,ヘイドレク
594,ペギィ,ペギィ,Peggi
595,ベゲン,ベゲン,Bergen
596,ペコラ,ペコラ,Pecola
597,ペシュメルガ,ペシュメルガ,Pesmerga
598,ペック,ペック
599,ヘリオン,ヘリオン,Hellion
600,ベル,ベル,Belle
601,ヘルガ,ヘルガ,Helga
602,ベルクート,ベルクート,Belcoot
603,ペルジド,ペルジド
604,ベルタ,ベルタ
605,ベルナデット・イーガン,ベルナデット,ベルナデット,イーガン,Bernadette Egan,Bernadette
606,ベルフレイド,ベルフレイド
607,ヘルムート,ヘルムート,Helmut
608,ベレニケ・ノビリオス,ベレニケ,ベレニケ,ノビリオス
609,ベレムエル,ベレムエル
610,ペロー,ペロー,Perrault
611,ホイ,ホイ
612,ホウアン,ホウアン
613,ポーラ,ポーラ,Paula
614,ポール,ポール
615,ボールドン,ボールドン
616,ボズ・ウィルド,ボズ,ボズ,ウィルド,Boz Wilde,Boz,Boz Wild
617,ボッシュ,ボッシュ
618,ホツバ,ホツバ
619,ボブ,ボブ,Bob
620,ボリス・ワイゼン,ボリス,ボリス,ワイゼン,Boris Wizen,Boris,Wizen
621,ボルガン,ボルガン,Bolgan
622,ボルス・レッドラム,ボルス,ボルス,レッドラム,Borus,Redrum,Borus Redrum
623,ホルテスVII世,ホルテスVII世,ホルテス7世,Hortez,Hortez the 7th,Hortez the VIIth,Hortez VII,Hortez 7
624,ホルテンシウス,ホルテンシウス
625,ポロック,ポロック
626,マーサ,マーサ,Martha
627,マース,マース,Maas
628,マイク,マイク,Mike
629,マイクロトフ,マイクロトフ
630,マオ,マオ,Mao
631,マカイ,マカイ
632,マキ,マキ
633,マキア・ザフィール,マキア・ザフィール,マキア,ザフィール
634,マキシン,マキシン,Maxine
635,マクート,マクート
636,マクシミリアン,マクシミリアン,Maximilian
637,マクシモス・ザフィール,マクシモス,マクシモス,ザフィール
638,マザリカ・ザフィール,マザリカ,マザリカ,ザフィール
639,マスルール,マスルール
640,マッシュ・シルバーバーグ,マッシュ,マッシュ,シルバーバーグ,Mathiu Silverberg,Mathiu
641,マティアス,マティアス,Mathias
642,マナリル,マナリル
643,マニュ,マニュ,Manu
644,マハ・スパルナ,マハ・スパルナ,マハ,スパルナ,Maha Sparna,Maha,Sparna
645,マリー,マリー,Marie
646,マリカ,マリカ
647,マリカ（異世界）,マリカ？,異世界のマリカ
648,マリノ,マリノ,Marina,Marino
649,マルーン,マルーン,Maroon
650,マルコ,マルコ,Marco
651,マルスカール・ゴドウィン,マルスカール・ゴドウィン,マルスカール,ゴドウィン,Marscal Godwin
652,マルセル・アトレイド,マルセル・アトレイド,マルセン,アトレイド
653,マルティン,マルティン
654,マルロ・コーディ,マルロ,マルロ,コーディ
655,ミアキス,ミアキス,Miakis
656,ミース,ミース,Meese
657,ミーナ,ミーナ,Mina
658,ミーネ,ミーネ
659,ミオ,ミオ,Mio
660,ミズキ,ミズキ,Mizuki
661,ミズラック,ミズラック
662,ミッキー,ミッキー,Micky
663,ミツバ,ミツバ,Mitsuba
664,ミューラー,ミューラー,Mueller
665,ミュラ,ミュラ
666,ミュン・ツァン,ミュン・ツァン,ミュン,ツァン
667,ミランダ,ミランダ
668,ミリア,ミリア,Milia
669,ミリー,ミリー
670,ミリエル,ミリエル
671,ミルイヒ・オッペンハイマー,ミルイヒ,ミルイヒ,ミルイヒ様,オッペンハイマー,Milich Oppenheimer,Milich
672,ミルーン,ミルーン,Miroon
673,ミレイ,ミレイ,Millay
674,ムーア,ムーア,Mua
675,ムーイー,ムーイー
676,ムース,ムース,Moose
677,ムールゲント,ムールゲント
678,ムーロ,ムーロ
679,ムクムク,ムクムク
680,ムト,ムト,Muto
681,ムドガラ,ムドガラ
682,ムバル,ムバル
683,ムラード,ムラード,Murad
684,ムルーン,ムルーン,Muroon
685,メアメイ,メアメイ
686,メイザース,メイザース
687,メイベル,メイベル
688,メイミ,メイミ,Mamie
689,メース,メース,Mace
690,メギオン,メギオン
691,メグ,メグ,Meg
692,メズワル,メズワル
693,メッセンジャー,メッセンジャー
694,メフィティス,メフィティス
695,メル,メル,Mel
696,メルヴィス,メルヴィス
697,メルヴィル,メルヴィル,Melville
698,メルーン,メルーン,Meroon
699,メロディ,メロディ,Melodye
700,モアナ,モアナ
701,モーガン,モーガン,Morgan
702,モース,モース,Mose
703,モーディ,モーディ
704,モーリン,モーリン
705,モズロマス・リウイス,モズロマス,モズロマス,リウイス
706,モルーン,モルーン,Moroon
707,モンセン,モンセン,Mohsen
708,モンド,モンド
709,ヤード,ヤード
710,ヤール,ヤール,Yahr
711,ヤグアス・リウイス,ヤグアス,ヤグアス,リウイス
712,ヤディマ,ヤディマ
713,ヤム・クー,ヤム・クー,ヤム,クー,Yam Koo,Yam
714,ヤンセン,ヤンセン
715,ヤンダック,ヤンダック
716,ユイリ,ユイリ,Yuiri
717,ユウ,ユウ,Yu
718,ユーグ,ユーグ
719,ユーゴ,ユーゴ,Hugo
720,ユージン,ユージン,Eugene
721,ユーニス,ユーニス
722,ユーバー,ユーバー,Yuber
723,ユーラム・バロウズ,ユーラム・バロウズ,ユーラム,バロウズ,Euram Barows,Euram,Euram Burrows,Euram Burroughs
724,ユーリ・ラトキエ,ユーリ・ラトキエ,ユーリ,ラトキエ
725,ユズ,ユズ
726,ユディエラ,ユディエラ
727,ユミィ,ユミィ
728,ユユドラヤ,ユユドラヤ
729,ユラ,ユラ
730,ユン,ユン
731,ヨウィン,ヨウィン
732,ヨーン,ヨーン
733,ヨシノ,ヨシノ
734,ヨシュア・レーベンハイト,ヨシュア,ヨシュア,レーベンハイト,Joshua Lebenheit,Joshua
735,ヨフール,ヨフール
736,ヨベル,ヨベル
737,ヨミ,ヨミ
738,ヨラン,ヨラン,Yoran
739,ラージャ,ラージャ,Raja
740,シュトルテハイム・ラインバッハ3世,ラインバッハ,シュトルテハイム,ラインバッハ,Reinbach,Rheinbach
741,ラインホルト,ラインホルト,Reinhold
742,ラウド,ラウド
743,ラウラ,ラウラ
744,ラオ・クアン,ラオ・クアン,ラオ,クアン
745,ラクイラ,ラクイラ
746,ラクジー,ラクジー,Rakgi
747,ラジム,ラジム
748,ラスカリス・リウイス,ラスカリス,ラスカリス,リウイス
749,ラティエ・ロクス,ラティエ・ロクス,ラティエ,ロクス
750,ラティルダ,ラティルダ
751,ラドニーン,ラドニーン
752,ラニア,ラニア
753,ラバキン,ラバキン,Rania
754,ラハル,ラハル,Rahal
755,ラマダ,ラマダ,Ramada
756,ラミン,ラミン
757,ララクル,ララクル
758,ラン,ラン,Lun,Ran
759,ランス,ランス,Lance
760,ランディス,ランディス,Landis
761,リード,リード,Reed
762,リィナ,リィナ
763,リーラン,リーラン,Lilan
764,リーリン,リーリン,Lilin
765,リールン,リールン,Liloon
766,リーレン,リーレン,Lilen
767,リーロン,リーロン,Lilon
768,リイン・ペンネンバーグ,リイン・ペンネンバーグ,リイン,リィン,ペンネンバーグ
769,リウ・シエン,リウ,リウ,シエン
770,リオン,リオン,Lyon
771,リキエ,リキエ,Rikie
772,リキマル,リキマル
773,リコ,リコ
774,リスティル,リスティル
775,リズラン,リズラン
776,リタ,リタ,Rita
777,リッチモンド,リッチモンド
778,リドリー・ワイゼン,リドリー,リドリー,ワイゼン
779,リノ・エン・クルデス,リノ・エン・クルデス,リノ,リノ王,エン,クルデス,Lino En Kuldes,Lino,King Lino
780,リヒャルト,リヒャルト,Richard
781,リムスレーア・ファレナス,リムスレーア・ファレナス,リムスレーア,リム,ファレナス,Lymsleia Falenas,Lymsleia,Lym,姫様
782,リュウカン,リュウカン,Liukan
783,リューグ,リューグ,Roog
784,リュキア,リュキア
785,リュセリ,リュセリ
786,リリィ・ペンドラゴン,リリィ,リリィ,ペンドラゴン,Lilly Pendragon,Lilly
787,リンファ,リンファ,Linfa
788,ルイーズ,ルイーズ,Louise
789,ルイス・キファーソン,ルイス,ルイス,キファーソン,Louis
790,ルウ,ルウ,Lu
791,ルージン,ルージン
792,ルース,ルース,Luce
793,ルオ・タウ,ルオ・タウ,ルオ,タウ
794,ルカ・ブライト,ルカ・ブライト,ルカ,ルカ様,狂皇子,ブライト,Luca Blight,ルカブライト
795,ルガト・ルガム,ルガト・ルガム,ルガト,ルガム
796,ルクレティア・メルセス,ルクレティア,ルクレティア,メルセス,Lucretia Merces,Lucretia
797,ルシア,ルシア,Lucia
798,ルセリナ・バロウズ,ルセリナ,ルセリナ,バロウズ,Luserina Barows,Luserina,Luserina Burrows,Luserina Burroughs
799,ルック,ルック,Luc
800,ルドン,ルドン,Ledon
801,ルネ,ルネ,Rene
802,ルバイス,ルバイス
803,ルビ,ルビ,Ruby
804,ルビィ,ルビィ,Rubi
805,ルファ,ルファ
806,ルル,ルル,Lulu
807,ルルサ,ルルサ
808,レイチェル,レイチェル,Rachel
809,レヴィ,レヴィ,Levi
810,レーヴン,レーヴン,Raven
811,レーテ,レーテ
812,レオ・ガラン,レオ,レオ,ガラン,Leo
813,レオナ,レオナ
814,レオナルド,レオナルド,Leonard
815,レオン・シルバーバーグ,レオン,レオン,シルバーバーグ,Leon,Leon Silverberg
816,レカレカ,レカレカ
817,レギウス,レギウス
818,レスター,レスター,Lester
819,レスノウ,レスノウ
820,レツオウ,レツオウ,Retso
821,レックナート,レックナート,Leknaat
822,レット,レット,Rhett
823,レナ・スフィーナ,レナ・スフィーナ,レナ,スフィーナ
824,レネフェリアス13世,レネフェリアス13世
825,レパント,レパント,Lepant
826,レブラント,レブラント
827,レレイ,レレイ,Lelei
828,レン・リイン,レン・リイン,レン,リイン
829,ロイ,ロイ,Roy
830,ロウエン,ロウエン
831,ロウセン,ロウセン,Lo Seng,Seng
832,ロウハク,ロウハク,Lo Hak,Hak
833,ロウフォン,ロウフォン,Lo Fong,Fong
834,ロウマ,ロウマ
835,ローガン,ローガン
836,ローレライ,ローレライ,Lorelai,Lorelei
837,ログ,ログ,Logg,Log
838,ロジェ,ロジェ
839,ロシェル・コレック,ロシェル・コレック,ロシェル,コレック
840,ロック,ロック,Rock
841,ロッテ,ロッテ,Lotte
842,ロディ,ロディ,Rody
843,ロドリク,ロドリク
844,ロニー・ベル,ロニー・ベル,ロニー,ベル,Ronnie Bell,Ronnie
845,ロベルト,ロベルト,Robert
846,ロラン・レザウルス,ロラン,ロラン,レザウルス,Roland
847,ロルフ・フラグ,ロルフ,ロルフ,フラグ
848,ロンチャンチャン,ロンチャンチャン
849,ワーン,ワーン
850,ワイルダー,ワイルダー,Wilder
851,ワカバ,ワカバ
852,ワシール,ワシール,Wasil
853,ワスタム,ワスタム
854,ワタリ,ワタリ,Watari
855,ワヒエ,ワヒエ
856,ワフディ,ワフディ
857,ワボン,ワボン,Wabon
858,ワン,ワン,ジョーカー,Joker,Wan
859,ワン・フー,ワン・フー,Wan Fu,Wan,Fu
860,ペック（暗器使い）,暗器使い,ペック,暗器使い
861,一なる王,一なる王
862,炎の英雄,炎の英雄
863,館の執事,館の執事
864,軍医,軍医
865,総督,総督,Governor
866,紡がれし百年の時主人公（紡主）,紡時主人公,主人公,紡主,つむ主
867,霧の船の導者,霧の船の導者,Robed man
868,料理長,料理長,Chef
